<?xml version="1.0" encoding="UTF-8"?>
<root xmlns:xsi="http://www.w3.org/2001/XMLSchema-instance">
    <data>
        <type>articles</type>
        <id>1</id>
        <attributes>
            <title>JSON API paints my bikeshed!</title>
            <body>The shortest article. Ever.</body>
            <created>2015-05-22T14:56:29.000Z</created>
            <updated>2015-05-22T14:56:28.000Z</updated>
        </attributes>
        <relationships>
            <author>
                <data>
                    <id>42</id>
                    <type>people</type>
                </data>
            </author>
        </relationships>
    </data>
    <included>
        <attributes>a</attributes>
        <attributes>b</attributes>
        <attributes>c</attributes>
    </included>
</root>