{
    "data": [
        {
            "type": "articles",
            "id": "1",
            "attributes": {
                "title": "JSON API paints my bikeshed!",
                "body": "The shortest article. Ever.",
                "created": "2015-05-22T14:56:29.000Z",
                "updated": "2015-05-22T14:56:28.000Z"
            },
            "relationships": {
                "author": {
                    "data": {
                        "id": "42",
                        "type": "people"
                    }
                }
            }
        },
        {
            "type": "articles",
            "id": "2",
            "attributes": {
                "title": "2nd article JSON API continued!",
                "body": "Slightly longer article. Ever.",
                "created": "2021-05-13T17:12:34.000Z",
                "updated": "2021-05-13T17:12:34.000Z"
            },
            "relationships": {
                "author": {
                    "data": {
                        "id": "43",
                        "type": "people"
                    }
                },
                "commentor": {
                    "data": {
                        "id": "44",
                        "type": "people"
                    }
                }
            }
        }
    ],
    "included": [
        {
            "attributes": "a",
            "attributes": "b",
            "attributes": "c"
        },
        {
            "attributes": "d",
            "attributes": "e",
            "attributes": "f",
            "attributes": "g"
        },
        {
            "attributes": "h",
            "attributes": "i"
        }
    ]
}