{
    "data": [
        {
            "type": "articles",
            "id": "1",
            "attributes": {
                "title": "JSON API paints my bikeshed!",
                "body": "The shortest article. Ever.",
                "created": "2015-05-22T14:56:29.000Z",
                "updated": "2015-05-22T14:56:28.000Z"
            },
            "relationships": {
                "author": {
                    "data": {
                        "id": "42",
                        "type": "people"
                    }
                }
            }
        }
    ],
    "included": [
        {
            "attributes": "a",
            "attributes": "b",
            "attributes": "c"
        }
    ]
}