<?xml version="1.0" encoding="UTF-8"?>
<root xmlns:xsi="http://www.w3.org/2001/XMLSchema-instance">
    <data>
        <type>articles</type>
        <id>1</id>
        <attributes>
            <title>JSON API paints my bikeshed!</title>

            <body>The shortest article. Ever.</body>
            <created>2015-05-22T14:56:29.000Z</created>
            <updated>2015-05-22T14:56:28.000Z</updated>
        </attributes>
        <relationships>
            <author>
                <data>
                    <id>42</id>
                    <type>people</type>
                </data>
            </author>
        </relationships>
    </data>
    <data>
        <type>articles</type>
        <id>2</id>
        <attributes>
            <title>2nd article JSON API continued!</title>

            <body>Slightly longer article. Ever.</body>
            <created>2021-05-13T17:12:34.000Z</created>
            <updated>2021-05-13T17:12:34.000Z</updated>
        </attributes>
        <relationships>
            <author>
                <data>
                    <id>43</id>
                    <type>people</type>
                </data>
            </author>
            <commentor>
                <data>
                    <id>44</id>
                    <type>people</type>
                </data>
            </commentor>
        </relationships>
    </data>
    <included>
        <attributes>a</attributes>
        <attributes>b</attributes>
        <attributes>c</attributes>
    </included>
    <included>
        <attributes>d</attributes>
        <attributes>e</attributes>
        <attributes>f</attributes>
        <attributes>g</attributes>
    </included>
    <included>
        <attributes>h</attributes>
        <attributes>i</attributes>
    </included>
</root>